split,SENTENCE_NAME
train,--6bmFM9wT4-072
train,--6bmFM9wT4-074
train,-2UZsKfaGIk-000
train,-7AQlPgDPN0-002
train,-FuhRkxZf3w-006
train,-G2ksp95_Uw-033
train,-G2ksp95_Uw-043
train,-IpTsfnThMc-002
train,-JL59Zq5vPY-044
train,-JL59Zq5vPY-069
train,-JkA7SCF_lk-086
train,-KgBBru7lps-013
train,-LoU4OvDdgs-054
train,-QHnZBBE8Ho-002
train,-TI-YrX4Zho-002
train,-TI-YrX4Zho-086
train,-Zrf6jWiFZs-009
train,-cyCLrQnXZo-000
train,-cyCLrQnXZo-066
train,-ehSzS1c0aY-041
train,-giDOaWEZvE-061
train,-qSABYFcsVs-008
train,-udAuT1uUOI-028
train,-udAuT1uUOI-042
train,-yq3pCAjBqM-001
train,-yq3pCAjBqM-010
train,00c8_Kr_AG8-003
train,00c8_Kr_AG8-005
train,00c8_Kr_AG8-007
train,0773f4_VtVw-014
train,09Ymh4qDOvc-049
train,09_WhZGpLrE-002
train,0AbxkO9ZNzI-005
train,0Dd0BrKN-AY-015
train,0F1CZq3opMw-006
train,0F1CZq3opMw-015
train,0FYqFEA9pTQ-003
train,0FYqFEA9pTQ-019
train,0FYqFEA9pTQ-030
train,0ISFR5_G2Nk-006
train,0Le-U7KC0Vo-002
train,0Le-U7KC0Vo-003
train,0TFvNc9ysQo-068
train,0TFvNc9ysQo-070
train,0TFvNc9ysQo-071
train,0TOvEO_WPZE-031
train,0TOvEO_WPZE-121
train,0VsyxGx1-8Y-022
train,0W3wXxl1Fwk-074
train,0WcGVcWLLy0-072
train,0WcGVcWLLy0-074
train,0eHVehWTtWI-007
train,0eHVehWTtWI-017
train,0eHVehWTtWI-049
train,0eHVehWTtWI-054
train,0fkFHKeQnTE-017
train,0ibHGUofRWQ-040
train,0k2iDuG8DnY-000
train,0mlwYkrlmGs-010
train,0mlwYkrlmGs-015
train,0mlwYkrlmGs-026
train,0mlwYkrlmGs-032
train,0mlwYkrlmGs-041
train,0mlwYkrlmGs-048
train,0mlwYkrlmGs-050
train,0mlwYkrlmGs-054
train,0mlwYkrlmGs-077
train,0mlwYkrlmGs-090
train,0mlwYkrlmGs-110
train,0ozA6CspdcQ-096
train,0qr8Y9u7lK8-051
train,0qr8Y9u7lK8-064
train,0sJIlX1BvBc-000
train,0sJIlX1BvBc-001
train,1Aa4aJ76A4Q-007
train,1GdzGKD-VnQ-021
train,1MW4skTG0m4-011
train,1MW4skTG0m4-016
train,1RHbfw12FPE-017
train,1SXpmomfrjU-103
train,1SfQim8avcU-002
train,1SfQim8avcU-068
train,1Tr77GEcSrE-027
train,1Tr77GEcSrE-032
train,1Tr77GEcSrE-037
train,1Tr77GEcSrE-043
train,1Tr77GEcSrE-053
train,1Tr77GEcSrE-084
train,1Tr77GEcSrE-091
train,1Tr77GEcSrE-092
train,1U-rv8VSGpE-021
train,1U-rv8VSGpE-082
train,1aIPXe8ETE0-044
train,1aIPXe8ETE0-048
train,1aIPXe8ETE0-050
train,1akHL1w-dg4-068
train,1akHL1w-dg4-087
train,1gpNf32gGp8-085
train,1iTycyw2jcE-002
train,1nJ_iACyuR8-000
train,1nOjFG9hRwk-012
train,1oR8oO7Gq34-008
train,1oR8oO7Gq34-032
train,1oR8oO7Gq34-037
train,1oR8oO7Gq34-042
train,1oR8oO7Gq34-056
train,1oR8oO7Gq34-058
train,1rTMbyap5OU-054
train,1v1OBDb4JRs-008
train,1yKuwUSJXjQ-011
train,1yKuwUSJXjQ-016
train,1yKuwUSJXjQ-052
train,1yKuwUSJXjQ-058
train,1yKuwUSJXjQ-074
train,1yKuwUSJXjQ-079
train,1yTbNONofs8-093
train,22V4MQ8dc2Q-050
train,23tQHcy3VnI-023
train,26P-Ma96pEs-002
train,27sFWKqaXI4-1409
train,27sFWKqaXI4-1414
train,27sFWKqaXI4-1442
train,27sFWKqaXI4-1447
train,27sFWKqaXI4-1453
train,27sFWKqaXI4-1458
train,27sFWKqaXI4-374
train,299RErdnW94-082
train,2EKVWMwZEN0-086
train,2SEp74TgXeM-076
train,2Sv6ZLHfz7s-094
train,2UiS6Sre3XA-011
train,2W8nPQFb3ZY-025
train,2_PWeBb41qM-015
train,2_PWeBb41qM-017
train,2bXnkd7DGc8-066
train,2cnYrWfAeYU-025
train,2cnYrWfAeYU-041
train,2cnYrWfAeYU-053
train,2cnYrWfAeYU-054
train,2cnYrWfAeYU-112
train,2ctCiA0emHo-090
train,2ctCiA0emHo-127
train,2ctCiA0emHo-130
train,2ctCiA0emHo-131
train,2f7m4cB-0JU-007
train,2izKV5FbIuc-208
train,2izKV5FbIuc-215
train,2izKV5FbIuc-225
train,2tyJZ0oBFc0-000
train,2tyJZ0oBFc0-003
train,2ucO7etmU-w-054
train,2vqBVu88UBc-000
train,2zn24j-XfmI-026
train,2zn24j-XfmI-035
train,2zn24j-XfmI-048
train,2zn24j-XfmI-087
train,2zn24j-XfmI-095
train,32uDIDeinnY-003
train,34wDu7ZhsXs-045
train,35-h2dH-sf0-001
train,35-h2dH-sf0-013
train,35N28rtz66I-003
train,35N28rtz66I-064
train,35N28rtz66I-070
train,3DigAUAvEM0-010
train,3DigAUAvEM0-011
train,3DigAUAvEM0-013
train,3FxpOFlPYQU-040
train,3MZ_9uG5Rcw-019
train,3MZ_9uG5Rcw-026
train,3SZ1w2UTkqQ-009
train,3SZ1w2UTkqQ-013
train,3TEjYQa_4DU-000
train,3V24F9lvHKU-031
train,3Vg-kKfUHzI-063
train,3_TWJCoDIVA-036
train,3_o_AkadIsw-009
train,3gWIt6KUn2Y-012
train,3gWIt6KUn2Y-016
train,3gWIt6KUn2Y-034
train,3jskB4GJJj0-011
train,3kqxBxvrnDI-085
train,3m2PIS0Asxg-000
train,3o2N8DXMD6s-003
train,3o2N8DXMD6s-009
train,3o2N8DXMD6s-012
train,3oFYnCrBfaU-056
train,3oOzZryjCLM-025
train,3oYUTZzpgqg-022
train,3v8sZtJUTFw-030
train,3xGoX0gMhnU-007
train,3xGoX0gMhnU-091
train,4-M3xo-BkAE-049
train,43eBA67htJc-065
train,43sM8Rod3F4-004
train,45fga7XQh_w-068
train,45fga7XQh_w-072
train,4EvCg5TAe2g-067
train,4GAUlwpbYXI-016
train,4HjpxzKwpyw-032
train,4JYInRUHjlY-003
train,4K9zcemtfjQ-046
train,4MpA5tl6uCE-013
train,4NMULDVMXXA-000
train,4PoLnjucRcw-004
train,4PxvE1Rc7mE-033
train,4PxvE1Rc7mE-044
train,4PxvE1Rc7mE-076
train,4Sp_9wH8hLs-065
train,4Sp_9wH8hLs-068
train,4Yn0XjF070U-059
train,4ZyG8I6BhPA-273
train,4ckqY82422o-014
train,4eNt91uV02o-007
train,4gAMK2wL7UY-113
train,4nH6b8btqso-002
train,4nH6b8btqso-004
train,4qXcwFHl100-025
train,4qXcwFHl100-060
train,4qXcwFHl100-066
train,4qXcwFHl100-127
train,4rWrNpTI7HE-081
train,4rWrNpTI7HE-085
train,4u2JoBoGgVE-124
train,4uYuzZSGl1w-004
train,4ydvtS8bXco-004
train,50muznl1uOY-000
train,51HD1pS4lE0-016
train,53-La6Leb9U-000
train,59vxdDvvDAM-046
train,59vxdDvvDAM-059
train,5BM9FSYEeo0-016
train,5C6g05c5v4Q-018
train,5C6g05c5v4Q-019
train,5C6g05c5v4Q-049
train,5C6g05c5v4Q-058
train,5C6g05c5v4Q-084
train,5C6g05c5v4Q-102
train,5C6g05c5v4Q-146
train,5C6g05c5v4Q-190
train,5C6g05c5v4Q-218
train,5C6g05c5v4Q-234
train,5C6g05c5v4Q-267
train,5C6g05c5v4Q-282
train,5C6g05c5v4Q-283
train,5C6g05c5v4Q-287
train,5C6g05c5v4Q-307
train,5C6g05c5v4Q-313
train,5C6g05c5v4Q-381
train,5CShxp46axE-037
train,5F8L1mWySQY-003
train,5F8L1mWySQY-081
train,5JIZ561YOV0-031
train,5LX2paqf91Y-100
train,5NHgcT-kGqo-092
train,5OyIQChN5DA-080
train,5OyIQChN5DA-103
train,5Xoby_UY_bM-045
train,5c9HcCzoD9g-005
train,5iRIeHAK9b0-059
train,5lC0wRPioPY-004
train,5lC0wRPioPY-032
train,5lC0wRPioPY-052
train,5lC0wRPioPY-064
train,5oBbQdI48js-024
train,5oBpHPqwbSE-001
train,5oBpHPqwbSE-071
train,5udtD0-KjlA-006
train,5x68QW9O68o-066
train,5x68QW9O68o-129
train,5yqt_8Ra2H0-024
train,5zfPLAz4l-Q-003
train,66VDsxPC_EU-041
train,6EqXNRLauMs-004
train,6EqXNRLauMs-009
train,6FFs2jMg3Qk-002
train,6NddBOft2TQ-066
train,6Ohv6_N88yA-000
train,6QLiJylSG4M-008
train,6ZT9A2g4a6g-001
train,6bVE_fopErQ-009
train,6dKIcUCzRHc-153
train,6ibLm_CpHbY-028
train,6jMFTzwklmk-206
train,6lBrXPTzTBM-013
train,7-MY3ZvAU_4-038
train,7-uJbyWnwfU-034
train,7010Pzl3REc-001
train,72MBWdDPmSU-014
train,75iciNFxEsM-001
train,7IONUnzZCzk-002
train,7IONUnzZCzk-064
train,7IONUnzZCzk-065
train,7KRfSa2aVXw-025
train,7NkRULfZkiY-012
train,7T89OwdCd3E-027
train,7T89OwdCd3E-042
train,7TFuYF-v3tk-019
train,7Yq3PG6vhWM-008
train,7_1niIcqc-I-016
train,7bhZ6-iYHM0-253
train,7cEtmTiPyyk-041
train,7dgQoq2BEJ8-017
train,7h6_kO0gpXo-328
train,7iwfFafwIyo-002
train,7l2FlmcIlpo-001
train,7l2FlmcIlpo-039
train,7l2FlmcIlpo-050
train,7l2FlmcIlpo-056
train,7l2FlmcIlpo-081
train,7tsKK7uap18-011
train,7tsKK7uap18-021
train,7vT58eLvyfM-014
train,7xpeNMA_H30-001
train,802_VdCJHsU-021
train,802_VdCJHsU-093
train,802_VdCJHsU-103
train,88zdP84jcpM-004
train,88zdP84jcpM-005
train,8A3jpDQmkPA-064
train,8GztH3kSvhI-001
train,8LaNiSd1Kd0-034
train,8LaNiSd1Kd0-059
train,8LaNiSd1Kd0-061
train,8SHkx17D3NI-045
train,8Ty3gAQrK4w-027
train,8UMD6MNzxEI-068
train,8UwllGVfwY8-023
train,8YfMKjCRp7s-028
train,8YfMKjCRp7s-153
train,8YfMKjCRp7s-262
train,8b6LjgZJhKI-015
train,8b6LjgZJhKI-046
train,8b6LjgZJhKI-096
train,8b6LjgZJhKI-105
train,8b6LjgZJhKI-112
train,8b6LjgZJhKI-115
train,8b6LjgZJhKI-134
train,8dZkrDpn9PQ-061
train,8eyBtYMabJI-030
train,8gVQUVs1NGc-006
train,8gVQUVs1NGc-038
train,8iRXatR0VW4-004
train,8iZu9v0YHuM-021
train,8kr8G6TzCbM-051
train,8lilMlJMCeo-082
train,8lws0OAn9gI-009
train,8n3CGSgRfJw-000
train,8n6wq6QS9Js-078
train,8rNehCQbg9Q-057
train,8rNehCQbg9Q-061
train,8zXAJtr29Hk-012
train,8zXAJtr29Hk-053
train,92LEaiyk7bo-022
train,93zQA7Z700g-068
train,93zQA7Z700g-126
train,9487f3_xFOs-018
train,94Gl50AyteM-006
train,94SBPn6OteQ-030
train,94vEVylHWKM-013
train,9D0xjQm3UO4-023
train,9EOVGpeJWI0-008
train,9MMQ5zc27ww-001
train,9QZI0vEt4GQ-079
train,9SbhFBuCi8Q-000
train,9SbhFBuCi8Q-087
train,9Si5Ac9R03Y-267
train,9Si5Ac9R03Y-273
train,9Si5Ac9R03Y-276
train,9Si5Ac9R03Y-283
train,9SxgP1zTjLU-002
train,9Tu5zp3ch-4-047
train,9VviAP3FNv4-009
train,9Xm4ieF32qQ-000
train,9Y1SnTIW470-035
train,9dtsau-dRvM-011
train,9eEZwzUZejY-002
train,9j-NGWOBT40-007
train,9kJdypm5qvc-010
train,9kJdypm5qvc-020
train,9kJdypm5qvc-022
train,9nkwGZBoGQo-038
train,9pk8Y3m6qfs-002
train,9pk8Y3m6qfs-006
train,9pk8Y3m6qfs-014
train,9rz6nB62nlc-044
train,9x7l1wRg6sg-002
train,9x7l1wRg6sg-083
train,9yVpN3211-4-063
train,A7iacKC0DeQ-005
train,AAEgmuj76nM-017
train,AFnaBCqKXjY-038
train,AFrzt_XSR3g-017
train,AFrzt_XSR3g-018
train,AIJhIR1IfbM-000
train,AIJhIR1IfbM-003
train,AIJhIR1IfbM-084
train,AIhf2PNW2Ac-006
train,AIiXQEiY_kM-000
train,AIiXQEiY_kM-087
train,AM0S3bPyMZY-010
train,ANbUIaRzmDw-001
train,AQcNynTZ_yw-008
train,ARV_73RDOSE-012
train,ARV_73RDOSE-066
train,ARV_73RDOSE-115
train,ARV_73RDOSE-171
train,ATnZP3ehz1s-008
train,ATnZP3ehz1s-019
train,ATnZP3ehz1s-039
train,AWT0LdV9urc-045
train,AZ_YIyaMbV4-003
train,AdDxgNZ7nC0-067
train,AdDxgNZ7nC0-200
train,Ai0_0EEvMXo-001
train,AmboeVv6zmQ-004
train,AmboeVv6zmQ-019
train,AoUAGk9JqBo-009
train,As0Dy9BpNAk-003
train,AscO55rWBI8-008
train,Awb_q6Hc5aE-021
train,B-qXKNA2u6E-006
train,B-qXKNA2u6E-062
train,B0jTPtxw3WA-053
train,B5LMH1PiXDM-019
train,B9F8-rb0IdU-003
train,BHWMtTwinQw-017
train,BIYiAAoXJTA-005
train,BK22hkz7EEA-031
train,BK22hkz7EEA-032
train,BK22hkz7EEA-038
train,BQaOE91xrzI-023
train,BX9UM5k4yCg-027
train,BYvuOPyol7M-061
train,BZRSf9WgPyQ-043
train,BZZ7Vs_AgqE-017
train,B_Q6On0Zuuk-004
train,Belymla42OE-007
train,BlzpvIPLg1w-188
train,Bu8ZlW-2Nfc-016
train,Bu8ZlW-2Nfc-020
train,Bu8ZlW-2Nfc-054
train,Bu8ZlW-2Nfc-086
train,Bu8ZlW-2Nfc-089
train,Bu8ZlW-2Nfc-119
train,Bx-vaXsK98w-011
train,Bx-vaXsK98w-033
train,Bx-vaXsK98w-047
train,Bx-vaXsK98w-056
train,C-lM9br1t-c-008
train,C8w5YwWTnHs-071
train,C8zdMj7lRk0-010
train,C9usjMUhYyU-012
train,C9usjMUhYyU-028
train,CDYqHeWJfNM-040
train,CHLpAQvilH0-001
train,CHLpAQvilH0-059
train,CIl6r9nP-VA-068
train,CKSqfOUPhWE-026
train,CKj3_gxVyEQ-011
train,CL2mI5cq2L0-004
train,CL2mI5cq2L0-006
train,CL2mI5cq2L0-009
train,CL2mI5cq2L0-030
train,CXHkUNfkGGI-004
train,CYRahtYNa0Q-014
train,CbLU6ylKu-M-042
train,CbLU6ylKu-M-129
train,CdKYKlVf-3s-027
train,CePMsA2CxM4-102
train,CihteHtAA3U-074
train,Cp4z3winI7E-002
train,CrDIFR5O3F0-009
train,CrDIFR5O3F0-083
train,CvtgIaaAyV0-157
train,Cx9fqa6YtMQ-080
train,CzhP4vJdsFY-041
train,Czz_BUS6cik-023
train,DANEbmv60Ek-010
train,DJB8r-n_U-4-001
train,DJLqLr1J4lk-036
train,DRPLoPia7nE-081
train,DRPLoPia7nE-086
train,DSTuXtHzl1k-064
train,DUPvK46M_rs-001
train,DUPvK46M_rs-083
train,DVz7K3ktQP4-099
train,DapcWzQ9jws-068
train,DfjdlEUdMoc-014
train,DkoZstYadyI-197
train,DmI1qY9Szjo-036
train,Do0IxYHThcM-048
train,Dq5ctDmOVEU-027
train,Dt1cMDD8SpY-062
train,DwSpLHmGeJg-270
train,DzE2GZwQPfc-035
train,E-2ZgqPURdg-025
train,E-2ZgqPURdg-225
train,E-2ZgqPURdg-226
train,E-2ZgqPURdg-319
train,E-2ZgqPURdg-321
train,E-2ZgqPURdg-324
train,E-2ZgqPURdg-555
train,E1Q36SAIfcs-073
train,E3MKo_aA1A4-030
train,E3lNLbHyC8I-183
train,E3lNLbHyC8I-184
train,E4LmaDsDlI4-028
train,E4LmaDsDlI4-036
train,E4LmaDsDlI4-080
train,E4LmaDsDlI4-083
train,E7GtWdW8uSk-024
train,E7GtWdW8uSk-099
train,E93KaF4-N7c-008
train,E93KaF4-N7c-013
train,E93KaF4-N7c-030
train,E93KaF4-N7c-034
train,E93KaF4-N7c-036
train,ECREMlK-W_E-006
train,ECREMlK-W_E-105
train,ECTpQld1OnE-000
train,EDDQnj0kF5Y-025
train,EDyqJvRgNdU-055
train,EGskuY7q94Q-083
train,EISG11LIw84-012
train,EIopl1ov26M-001
train,EJZK1h7uh8g-066
train,EKX7-U56t84-003
train,EOUSD58K0B0-002
train,EXwxV-YwzWw-002
train,EYBImTqnSbw-021
train,E_Dp8Q_pOtA-047
train,E_Dp8Q_pOtA-065
train,Eaq38QhNSMk-004
train,EiPM2y8c1RE-034
train,EiPM2y8c1RE-035
train,EiPM2y8c1RE-052
train,EjA87SLnRKQ-023
train,EoWGYt_g3Xo-000
train,EurAaW57uNY-000
train,Ev6Ta3AwKl0-026
train,EwFQu7wUx5k-029
train,EwVxIU8Ahbg-061
train,EyHFK4r23qE-087
train,F2gpqLQPrN8-077
train,F9hlfvaaul8-013
train,FAJX6FlKoJg-003
train,FCcLqY-Nezo-090
train,FDGyBz5Gn8A-007
train,FDGyBz5Gn8A-015
train,FPB0I9fIwIQ-020
train,FQgt4TsDm4k-011
train,FRRIrVYGQZI-006
train,FRcu6sSXzrY-201
train,FSKRInNQg4M-024
train,FTMSjV_KuNg-003
train,FTMSjV_KuNg-010
train,FTMSjV_KuNg-018
train,FTMSjV_KuNg-024
train,F_wlPOPz_gI-044
train,F_wlPOPz_gI-101
train,Fcqg1dByeQY-054
train,FfVpT1A48WQ-004
train,FjMFfWiB77Q-033
train,FlQ6-wvVjc0-018
train,FldFKGwNLIY-006
train,FqVslwH0lNU-078
train,Frh8-GtT6_0-012
train,Frh8-GtT6_0-018
train,Frh8-GtT6_0-027
train,Fte9_DwBoOc-091
train,FujzOKTzzms-024
train,Fw9uDdTl-ts-007
train,Fw_AuTyxqus-038
train,Fyq60KVzYqU-039
train,G6bZDfnv0Hc-026
train,G7PJU2djyy8-016
train,G7uZFWQGM0I-024
train,GBn0OVBbinE-076
train,GBn0OVBbinE-077
train,GBn0OVBbinE-125
train,GDBg3OSfLuQ-002
train,GJMbStcjU14-048
train,GLjgU-J7yz4-000
train,GR62Lp1xaLg-059
train,GX2ON2CH5pQ-013
train,GZI52dwO2AA-085
train,Ga91TMjYX8A-000
train,GdYNF6g73eI-083
train,GdYNF6g73eI-1061
train,GdYNF6g73eI-1234
train,GdYNF6g73eI-1238
train,GdYNF6g73eI-1286
train,GdYNF6g73eI-1302
train,GdYNF6g73eI-1343
train,GdYNF6g73eI-1489
train,GdYNF6g73eI-387
train,GdYNF6g73eI-485
train,GdYNF6g73eI-746
train,Ge6Jlav3-Pw-023
train,GeaJdGaL06A-004
train,GelutswMv2o-069
train,Gf1ffGs0snw-008
train,GjY0Aebdwm0-042
train,GlGYgHx9Qno-057
train,GmpPSx_UekY-059
train,GnrIsgox9Ag-014
train,GopWB14w8Z4-024
train,GqFTpqGVnlM-027
train,GsuTcDkejr0-117
train,GvkCfTMdL7E-002
train,GzSB9ILTbV8-1248
train,GzSB9ILTbV8-1398
train,GzSB9ILTbV8-1490
train,GzSB9ILTbV8-1563
train,GzSB9ILTbV8-171
train,GzSB9ILTbV8-1876
train,GzSB9ILTbV8-2204
train,GzSB9ILTbV8-2238
train,GzSB9ILTbV8-2274
train,GzSB9ILTbV8-564
train,GzSB9ILTbV8-978
train,GzWsbTUgkgw-198
train,GzWsbTUgkgw-252
train,H14IvIvkFGM-032
train,H14IvIvkFGM-073
train,H1w6Xzagnzo-004
train,H4TTCGK_4fE-091
train,H6q0riimCDI-003
train,HCu7F5FwCHc-050
train,HH3116G-gSY-055
train,HIrH88-sj1Y-003
train,HIrH88-sj1Y-017
train,HIrH88-sj1Y-026
train,HIrH88-sj1Y-059
train,HIrH88-sj1Y-080
train,HIrH88-sj1Y-088
train,HIrH88-sj1Y-098
train,HIrH88-sj1Y-107
train,HIrH88-sj1Y-137
train,HIrH88-sj1Y-187
train,HJXhoSbZ9AY-074
train,HN9XH2aInoA-003
train,HNd4UOfiCrI-040
train,HOfd4HntEt4-000
train,HOfd4HntEt4-088
train,HP9-bV-QfVk-005
train,HXvTlxrkEcg-094
train,HXvTlxrkEcg-134
train,HXvTlxrkEcg-143
train,HXvTlxrkEcg-149
train,HZSq1jmfzyE-010
train,H_kMU5f3RGs-000
train,HeExvdGo3XI-008
train,Hliybw8mJec-027
train,Hri_tzPO1zc-017
train,Hu4FShWuqNk-159
train,Hu4FShWuqNk-192
train,Hu4FShWuqNk-249
train,HwIMKReyJlE-002
train,HwZwSmWNey4-026
train,HwosSRu0OIE-000
train,HwosSRu0OIE-008
train,I3sF7CxH77U-018
train,I7MSw2wlSrE-096
train,I7Tcs-Q9404-007
train,I7Tcs-Q9404-128
train,I8gO7RwVMoI-003
train,I9kOhGRukGE-053
train,IByq92pqN0U-018
train,IJxQ5BcmyRc-009
train,IO4Mva8y3Ok-015
train,IP8jDFTrf_E-014
train,IP8jDFTrf_E-102
train,IPvdPqJsDC4-026
train,IQE2DLccX74-029
train,IQE2DLccX74-110
train,IT5vrxsY7kA-000
train,IT5vrxsY7kA-001
train,IUUsIrIkzpA-018
train,IUUsIrIkzpA-076
train,IUUsIrIkzpA-116
train,IYslZHtHbhU-055
train,IgD5H8TO9NI-013
train,IhenlOK3_5c-002
train,IlDNyU-dCm4-000
train,Imp8F0qKXXc-008
train,ImwA3Ctckfk-076
train,ImwA3Ctckfk-077
train,IomekhW8ly0-017
train,IomekhW8ly0-018
train,IomekhW8ly0-022
train,IomekhW8ly0-027
train,IomekhW8ly0-060
train,IomekhW8ly0-061
train,Ir2zazkdv-M-003
train,ItfYGtFkJYk-007
train,J-tpYMT881A-004
train,J-tpYMT881A-034
train,J-tpYMT881A-057
train,J-tpYMT881A-058
train,J04FVaMgHMk-189
train,J0s2YWhWCDY-034
train,J0s2YWhWCDY-043
train,J5TFvlWeBjw-035
train,J6W-QRND7ug-001
train,J6W-QRND7ug-060
train,J6W-QRND7ug-061
train,J6obbFAmNSU-029
train,J6obbFAmNSU-142
train,J6obbFAmNSU-231
train,JFpUT5qmgUM-042
train,JIZDMqpgg04-100
train,JKqCSg4aUAA-011
train,JLUa6WwwP_s-020
train,JRhI1sNIEfM-027
train,JRhI1sNIEfM-083
train,JRhI1sNIEfM-092
train,JScZQ5Kc8so-115
train,JUG7bPC04QQ-003
train,JUnVdwUz54Q-094
train,JVSfmvzX8Og-001
train,JYsvnxMudOg-000
train,JdNerO5InTo-019
train,JiFs0Jk9IPM-056
train,JiFs0Jk9IPM-134
train,JiFs0Jk9IPM-145
train,JiFs0Jk9IPM-174
train,JiFs0Jk9IPM-175
train,JleJlRuEcBU-003
train,JleJlRuEcBU-013
train,JleJlRuEcBU-014
train,JleJlRuEcBU-018
train,JleJlRuEcBU-021
train,JleJlRuEcBU-033
train,Jmq1jl3V1uk-729
train,Jmq1jl3V1uk-732
train,JnV2L1eVXmc-009
train,JnV2L1eVXmc-023
train,JnV2L1eVXmc-038
train,JnV2L1eVXmc-040
train,JnV2L1eVXmc-043
train,JrF_bMDNnJU-002
train,JtPw-DVL4Rk-077
train,JtPw-DVL4Rk-086
train,JtgOUFPpgVY-000
train,JuSOzY2D5pI-029
train,JuSTda_AeLg-017
train,Jz39GO_ZxDw-033
train,Jz39GO_ZxDw-044
train,Jz39GO_ZxDw-097
train,Jz39GO_ZxDw-103
train,K-FUAoGuBuY-019
train,K3g_Jv3RrDo-031
train,K9IL3PsNd6k-071
train,KAbwzM2WliE-033
train,KArAs9h9zyk-073
train,KF0g0HTGtQM-122
train,KHM-mgFuisA-000
train,KLWZMjtNaNU-000
train,KLWZMjtNaNU-002
train,KLWZMjtNaNU-059
train,KPouM1JR-j0-000
train,KPouM1JR-j0-003
train,KPouM1JR-j0-048
train,KRQDLq73Q-g-025
train,KRQDLq73Q-g-035
train,KRQDLq73Q-g-040
train,KSkzWJjtQQ0-027
train,KU1gFL0XBxA-100
train,KUu9lNfkkW0-002
train,Kbzb0XeYr5Y-062
train,KcoHDOlE7_I-028
train,KeFFF9SeFd0-097
train,KlvOJXuBYTA-018
train,KsJLi0YvRLo-010
train,KuRgh0BX1hw-034
train,KyvMN7B0Vs8-018
train,L0bOhsefhVc-075
train,L1XKvsG0i6M-004
train,L6he_DA_UYU-000
train,L6he_DA_UYU-003
train,L6he_DA_UYU-005
train,L6he_DA_UYU-014
train,LCgrg3xwTOc-218
train,LCgrg3xwTOc-328
train,LELS_izhnag-147
train,LFKQ-BSzmkw-236
train,LFKQ-BSzmkw-270
train,LFKQ-BSzmkw-293
train,LFw8mfc70yc-155
train,LHj674kHGKo-011
train,LJzcHWMpms8-000
train,LKO_1dsV7Mc-082
train,LKS2Xm6ki8Q-008
train,LN-7AnWLTE4-070
train,LN2omyQcGmo-005
train,LSDV194yePk-086
train,LT0-h4P_xBY-072
train,LVpTPrD8YeU-004
train,LWzoit5RVMc-062
train,LWzoit5RVMc-069
train,LWzoit5RVMc-073
train,LdVusCjiqiw-033
train,LetQlHuwRH0-000
train,LifhWQwUvMg-072
train,LmQx5X9FB1g-027
train,LrO-7V1-zvc-010
train,LtyPTM-MI-U-021
train,LtyPTM-MI-U-022
train,Lx0tEpJhsyU-000
train,Lx0tEpJhsyU-075
train,LzpGUjChLK8-002
train,M17uzQsgtfw-059
train,M17uzQsgtfw-065
train,M9hSR4u0rKY-001
train,M9hSR4u0rKY-002
train,M9hSR4u0rKY-003
train,M9hSR4u0rKY-082
train,M9hSR4u0rKY-086
train,MCufXqq72Vw-017
train,MJXqb51jUNE-023
train,MLUh7JLxUg0-023
train,MLUh7JLxUg0-029
train,MMrbrr_TZF0-013
train,MMrbrr_TZF0-035
train,MPg2XEoaj6Q-028
train,MQQW-wtrYB4-128
train,MQQW-wtrYB4-135
train,MQQW-wtrYB4-233
train,MeOyB3keIqo-004
train,MeOyB3keIqo-019
train,MeXD-8q_HnE-009
train,MexXtNDVSdU-001
train,MexXtNDVSdU-059
train,MexXtNDVSdU-060
train,MiENdjCKv1s-027
train,MiENdjCKv1s-080
train,MkLfCi2Oxrc-006
train,MrQeObIhUXU-001
train,MrQeObIhUXU-052
train,MwN_Ui1bR2w-075
train,MwN_Ui1bR2w-078
train,MwN_Ui1bR2w-089
train,MwN_Ui1bR2w-091
train,MwN_Ui1bR2w-097
train,MwN_Ui1bR2w-1008
train,MwN_Ui1bR2w-1026
train,MwN_Ui1bR2w-1044
train,MwN_Ui1bR2w-1120
train,MwN_Ui1bR2w-1135
train,MwN_Ui1bR2w-1266
train,MwN_Ui1bR2w-1313
train,MwN_Ui1bR2w-1315
train,MwN_Ui1bR2w-1320
train,MwN_Ui1bR2w-1331
train,MwN_Ui1bR2w-1363
train,MwN_Ui1bR2w-1369
train,MwN_Ui1bR2w-887
train,MwN_Ui1bR2w-905
train,MwN_Ui1bR2w-961
train,MwN_Ui1bR2w-972
train,MwN_Ui1bR2w-977
train,MyZs0vp2nX0-019
train,N-x_o-q0V4w-000
train,N-x_o-q0V4w-001
train,N-x_o-q0V4w-059
train,N0TZJ8HzV-I-031
train,N1drVsZLrUc-055
train,N4cQX-1G8gc-061
train,N4cQX-1G8gc-243
train,N4cQX-1G8gc-259
train,N7jgY0Omxr0-072
train,NAb8qHzPdrg-010
train,NAb8qHzPdrg-025
train,NAb8qHzPdrg-047
train,NAb8qHzPdrg-134
train,NAb8qHzPdrg-151
train,NAb8qHzPdrg-176
train,NAb8qHzPdrg-231
train,NAb8qHzPdrg-243
train,NEbzpKcMJTk-027
train,NFGxr9nYR3E-033
train,NFe0EZIZB30-037
train,NFzaURv_5ig-026
train,NM_1h-GCBP4-017
train,NO7oD6JVWf8-060
train,NO7oD6JVWf8-061
train,NPIIdJN1uxQ-016
train,NQLpyDVw2Rw-053
train,NQpbC1zHtr4-003
train,NQpbC1zHtr4-082
train,NQpbC1zHtr4-085
train,NQpbC1zHtr4-087
train,NWzSGaqaBPE-000
train,NadXBd_JTFA-075
train,NadXBd_JTFA-105
train,NadXBd_JTFA-124
train,NdBXUOI7sEI-004
train,NdBXUOI7sEI-010
train,NdjKyw7_8Kc-027
train,NeRP-Sh7XUw-006
train,NeRP-Sh7XUw-016
train,NeRP-Sh7XUw-043
train,NeyvdRoPJQg-059
train,Ni0eybdU38Q-000
train,Nj9qckc71Nc-004
train,NlkFDFoG7Ro-010
train,Nm-ZMEFvg6o-015
train,NpbXUlYGcl4-003
train,NpbXUlYGcl4-089
train,NpbXUlYGcl4-090
train,NqS6Q-loOGE-033
train,NruRm9bmSiQ-000
train,NruRm9bmSiQ-046
train,Nt1KWTL_2RQ-007
train,Nt1KWTL_2RQ-015
train,NtY2QpLPqOs-033
train,Ntsy1z5Rrh4-030
train,Nva4fvFSTUk-015
train,Nva4fvFSTUk-019
train,NwVnkvY9FZI-004
train,NwVnkvY9FZI-012
train,NzRdWmeKJGQ-070
train,NzRdWmeKJGQ-071
train,NzRdWmeKJGQ-076
train,O4R4791NGNE-021
train,O4R4791NGNE-155
train,O8HrCGe28zE-029
train,O8drzFJ8VWM-002
train,O8drzFJ8VWM-008
train,O8thLeHNICM-125
train,OA1NTEGNenc-067
train,OKXm2hEWBdA-171
train,OKXm2hEWBdA-172
train,OKXm2hEWBdA-174
train,OKXm2hEWBdA-284
train,OKXm2hEWBdA-382
train,OKXm2hEWBdA-405
train,OKXm2hEWBdA-427
train,OKXm2hEWBdA-465
train,OKXm2hEWBdA-490
train,OKXm2hEWBdA-545
train,OLcyZbIEVGQ-037
train,OLcyZbIEVGQ-098
train,OLcyZbIEVGQ-228
train,OOit-RY_oeM-010
train,OPFmTf2s4n4-025
train,OQpx-Yhqqiw-011
train,OTPXL7w4pog-218
train,OTPXL7w4pog-378
train,OTPXL7w4pog-379
train,OTPXL7w4pog-384
train,OTPXL7w4pog-407
train,OTPXL7w4pog-591
train,OTPXL7w4pog-629
train,OTPXL7w4pog-659
train,OVYkksQ4xRQ-005
train,OXKC6-d6dNg-001
train,OYf2XVini8g-302
train,Ogt7E_1ZqgE-014
train,Ogt7E_1ZqgE-030
train,Ogt7E_1ZqgE-058
train,OnPfQk449gE-005
train,OnPfQk449gE-035
train,OnPfQk449gE-052
train,OosAAp0lkwc-056
train,OtOSa16Vv2c-000
train,OzcLZqr3UEA-010
train,P-1ZmY0D_q0-014
train,P-D0kEmncGw-017
train,P-D0kEmncGw-028
train,P-D0kEmncGw-048
train,P-D0kEmncGw-066
train,P7ghe69j6a0-011
train,P7ghe69j6a0-012
train,PFUK-6U76aU-030
train,PG63xqBQTW4-026
train,PGKhUJ0LXAU-089
train,PLkKeoNYnx8-094
train,PLkKeoNYnx8-121
train,PLkKeoNYnx8-176
train,PLkKeoNYnx8-177
train,PMATrHhbkuc-089
train,PMbw6s5-VGk-032
train,PRc-8OF7Hv0-000
train,PRqdTNUduvE-001
train,PSqxz-OmT-E-036
train,PVcMbZMIbUg-042
train,PWiX_9tNrGM-002
train,PX29D1vHus8-076
train,PX29D1vHus8-081
train,PY2GdF5ZTsY-015
train,PZySHQDujjQ-022
train,PZySHQDujjQ-069
train,PZySHQDujjQ-093
train,PZySHQDujjQ-096
train,PZySHQDujjQ-109
train,PZySHQDujjQ-141
train,PZySHQDujjQ-155
train,PZySHQDujjQ-176
train,PZySHQDujjQ-217
train,PZySHQDujjQ-269
train,PZySHQDujjQ-415
train,PZySHQDujjQ-486
train,PZySHQDujjQ-515
train,PZySHQDujjQ-516
train,PZySHQDujjQ-526
train,PZySHQDujjQ-539
train,PZySHQDujjQ-548
train,PZySHQDujjQ-549
train,PZySHQDujjQ-557
train,PmYeilTNPPc-047
train,PsMIe3bZX0A-046
train,Q2qv1PzonRo-009
train,Q2qv1PzonRo-023
train,Q2qv1PzonRo-031
train,Q6qBVErD0Oo-009
train,Q6qBVErD0Oo-027
train,Q6qBVErD0Oo-072
train,Q6qBVErD0Oo-097
train,QJwynJWyPlI-044
train,QJwynJWyPlI-076
train,QJwynJWyPlI-142
train,QJwynJWyPlI-144
train,QVgXmaFw0Yc-003
train,QVgXmaFw0Yc-061
train,QWOwBUwWMhU-052
train,QWhaP1mZeEk-001
train,QWhaP1mZeEk-046
train,QY0paRttZZ0-002
train,QgTPL4L5iMQ-005
train,QkymX6kSlyc-099
train,QkymX6kSlyc-100
train,QkznO9XOglo-053
train,QlPmEAkbSHg-034
train,QlWYfiGhL08-002
train,QpKebaPJTIU-009
train,QrmTICvm-Q0-009
train,Qtu37tHGpQ4-011
train,Que8v5pBOio-011
train,Qv32yeXHDWw-067
train,QzqLLA53dQk-020
train,R-GczQj2xPQ-007
train,R6dVvtTGCS4-077
train,RDKNU5p0aEY-020
train,RDkxh4hS96Y-062
train,RLIzeTGgDhM-027
train,R_B6s-0dxfE-091
train,RhF92zidaV4-063
train,RjX30NrngVk-062
train,RnP4StkyDMc-094
train,RnP4StkyDMc-095
train,RpZtoiKnw-Y-050
train,RrvG5IXEZ1s-057
train,RsKp5G_qo_w-001
train,RsKp5G_qo_w-008
train,Rt2IrAju2rk-018
train,Rt4oGWhPbXs-009
train,RuH8CDriVbY-020
train,RygecVXnBB0-196
train,Rz415q6QI9s-034
train,S6crvg7_RpA-015
train,S6crvg7_RpA-188
train,S6crvg7_RpA-225
train,S7q3eYkfLfw-010
train,SBSHrSnP7G8-093
train,SBkuTcElJe0-052
train,SBkuTcElJe0-086
train,SBkuTcElJe0-133
train,SDigp05JV_o-044
train,SGXOBAcLQJU-014
train,SJAhRxI7i9c-045
train,SKR7hfaAx2s-086
train,SSxykSevvtc-000
train,SWI4H8_iaJE-237
train,SWlCLdpjgnU-056
train,SWlCLdpjgnU-098
train,Sf3xdLgOb9k-351
train,Sf3xdLgOb9k-378
train,SgOu4hVGnfk-027
train,Sh0vKwe0-Ms-056
train,Sh0vKwe0-Ms-093
train,SjvHQx3Uel4-001
train,SlFGGsffIe8-004
train,SlksdQT5JRE-010
train,SlksdQT5JRE-012
train,SpwdAIHNssA-004
train,Ssp76E0zfFc-035
train,Ssp76E0zfFc-103
train,SxdciNmQMA8-024
train,T3HP-1xZdG8-015
train,T3HP-1xZdG8-070
train,T3QLwjtg964-168
train,T5MaRptNS5Q-018
train,T5MaRptNS5Q-032
train,T74aLFMGaQg-062
train,T7aAegkJGjI-013
train,T9C4QbZ7qOs-060
train,T9C4QbZ7qOs-1015
train,T9C4QbZ7qOs-274
train,T9C4QbZ7qOs-298
train,T9C4QbZ7qOs-630
train,T9C4QbZ7qOs-898
train,T9C4QbZ7qOs-936
train,T9ljj8ZdeKw-002
train,T9ljj8ZdeKw-037
train,T9ljj8ZdeKw-041
train,TDFMvpGX3fM-002
train,TDT-e8-n33o-091
train,TDT-e8-n33o-094
train,TDYd3P2Km8s-006
train,TE8kmztYHiw-018
train,TGSro3EtPjo-026
train,TJgxItJ1apo-103
train,TKRXFmA-D5s-003
train,TMsVV9Y4wRM-072
train,TNlBsVl0qRs-174
train,TNvHaSftLrw-044
train,TO5QVtZ4nVM-007
train,TaRcyuMdal8-002
train,TaRcyuMdal8-041
train,TaRcyuMdal8-049
train,TaRcyuMdal8-051
train,TaRcyuMdal8-054
train,TaRcyuMdal8-059
train,TaRcyuMdal8-076
train,TaRcyuMdal8-077
train,TaRcyuMdal8-079
train,TaRcyuMdal8-107
train,TaRcyuMdal8-110
train,TaRcyuMdal8-118
train,TaRcyuMdal8-128
train,TaRcyuMdal8-137
train,TaRcyuMdal8-159
train,TaRcyuMdal8-172
train,TaRcyuMdal8-209
train,TaRcyuMdal8-376
train,TaRcyuMdal8-382
train,TaRcyuMdal8-403
train,TaRcyuMdal8-410
train,TaRcyuMdal8-426
train,TaRcyuMdal8-438
train,TaRcyuMdal8-443
train,TaRcyuMdal8-450
train,TaRcyuMdal8-456
train,TaRcyuMdal8-467
train,TaRcyuMdal8-474
train,TaRcyuMdal8-475
train,TaRcyuMdal8-480
train,TaRcyuMdal8-489
train,TaRcyuMdal8-490
train,TaRcyuMdal8-501
train,TaRcyuMdal8-507
train,TaRcyuMdal8-545
train,TaRcyuMdal8-546
train,TaRcyuMdal8-548
train,TaRcyuMdal8-552
train,TaRcyuMdal8-557
train,TaRcyuMdal8-572
train,TaRcyuMdal8-580
train,TaRcyuMdal8-595
train,TaRcyuMdal8-609
train,TaRcyuMdal8-612
train,TaRcyuMdal8-613
train,TaRcyuMdal8-661
train,TaRcyuMdal8-662
train,TaRcyuMdal8-666
train,TaRcyuMdal8-668
train,TaRcyuMdal8-669
train,TaRcyuMdal8-678
train,TknJbrY_5JE-076
train,TmpQJ2sDUcE-079
train,Tp8NHDzcui0-103
train,U29yzZrCdrs-140
train,U6331YzxS9M-123
train,U6331YzxS9M-266
train,U6331YzxS9M-276
train,U7wcX4sH2cc-030
train,U92Q_TmQGcY-078
train,U92Q_TmQGcY-203
train,U92Q_TmQGcY-215
train,U92Q_TmQGcY-220
train,U92Q_TmQGcY-247
train,UBkQ7oXsoI8-020
train,UDUs8pa-uIE-003
train,UDktJ0JF6Ko-084
train,UDxpJChnmGU-011
train,UDxpJChnmGU-012
train,UDxpJChnmGU-014
train,UJD6IRhqQ8Q-011
train,UKuOY7Ipp-0-009
train,UL8EPEjSGb4-008
train,UPAyyHdUM1k-004
train,US-gNZDNQIg-078
train,US-gNZDNQIg-079
train,UX3GCqAbQx4-005
train,UhSbogF8wo4-010
train,UhUgt5jqRLg-046
train,UlJwBh2umGc-018
train,UlJwBh2umGc-027
train,UoRwn-yI1bM-013
train,UoU3ZSuTef4-069
train,UqUSsHBzHrg-005
train,Uss0NsBR8B4-000
train,V12WwUwrsxA-056
train,V3hNJgdAHkE-201
train,V3hNJgdAHkE-238
train,V3hNJgdAHkE-312
train,V3hNJgdAHkE-494
train,V3hNJgdAHkE-713
train,V3hNJgdAHkE-718
train,V3hNJgdAHkE-794
train,V3hNJgdAHkE-800
train,V3hNJgdAHkE-815
train,V3hNJgdAHkE-821
train,V3hNJgdAHkE-864
train,V3hNJgdAHkE-893
train,V93fJniFgoQ-039
train,VI-vswxcKR4-195
train,VJYMIfWEPDY-004
train,VLglbJlHKos-000
train,VLglbJlHKos-001
train,VLglbJlHKos-009
train,VLglbJlHKos-012
train,VLglbJlHKos-014
train,VOHbrquVRWU-082
train,VOHbrquVRWU-086
train,VOMirKBiEVw-003
train,VOMirKBiEVw-101
train,VOMirKBiEVw-104
train,VRPNRp4SQos-007
train,VRPNRp4SQos-048
train,VVobYn0Oo6A-013
train,VfVqWPI30TM-019
train,VffJgMBK_NQ-183
train,VffJgMBK_NQ-187
train,VffJgMBK_NQ-294
train,VmcgZMLCH_4-010
train,Vml7p_qwcCo-012
train,Vn6_IMkj6xo-031
train,Vn6_IMkj6xo-073
train,Vp64x1KkFZM-148
train,VxJrauVmzcQ-027
train,Vxw-NgW50FE-029
train,Vxw-NgW50FE-033
train,W-KrNfmwEx0-060
train,W0or5gutOg0-017
train,W4IbQRtGKts-011
train,WA3ZLFQrSf4-072
train,WEO8o5cZQ2Y-048
train,WIVIKvjafxQ-083
train,WMBglx7N4Ls-034
train,WVsE-Iz_63A-040
train,WVsE-Iz_63A-065
train,WagO787dBN0-002
train,WagO787dBN0-018
train,WdfLMs3dPtU-010
train,WdxU5D_6X3E-002
train,WdxU5D_6X3E-012
train,WdxU5D_6X3E-033
train,WhHF7ElmDV4-003
train,WhxJMAHGty0-021
train,WqMzgx6xIZc-014
train,Wru5F1JV_sU-043
train,Wru5F1JV_sU-087
train,WzwzFNabSAg-065
train,WzwzFNabSAg-100
train,X-ilSg3PSR0-089
train,X-ilSg3PSR0-1056
train,X-ilSg3PSR0-1348
train,X-ilSg3PSR0-490
train,X-ilSg3PSR0-788
train,X0jgFkOiKXI-024
train,X0xyGdvhsJ8-064
train,X1kFhWfz2So-038
train,X1x0eUMvP58-095
train,X34EimYTPPY-058
train,X34EimYTPPY-059
train,X34EimYTPPY-063
train,X4LLNmfzvq0-020
train,X4LLNmfzvq0-021
train,X4LLNmfzvq0-029
train,X4LLNmfzvq0-078
train,X5g_5dWqDtk-041
train,X5qgcOYBmTw-077
train,X6tsCeIC4fc-054
train,X6tsCeIC4fc-056
train,XCKirhfQWIo-016
train,XFFXThDkfNA-024
train,XG4FumChw3o-091
train,XIfHdWYkSrg-062
train,XJQri5Vrhxg-002
train,XJQri5Vrhxg-003
train,XOM46EX4nUg-046
train,XPoP2hzwLIY-008
train,XPoP2hzwLIY-066
train,XV5n_GN606Q-051
train,XV5n_GN606Q-052
train,XVmKZnAlPbw-002
train,XhJt9f3lXTc-073
train,XhJt9f3lXTc-246
train,XiJwvy15L6I-003
train,XiJwvy15L6I-133
train,XkDwOYHAk8w-131
train,XkDwOYHAk8w-146
train,Xpy-7dyBMqo-011
train,Xq3QAqQXpTM-047
train,XtgAKp6maKM-143
train,Xu_syGYo8KA-038
train,Xv4JxYrhnzo-015
train,Xv4JxYrhnzo-017
train,XvEKAhUfgZk-035
train,XxDPxyzfjG4-039
train,XxFkBmlVYfI-005
train,XyDdJKmcqGw-052
train,Y2SdS-UCcK4-085
train,Y86eXzDlorE-001
train,Y86eXzDlorE-002
train,Y86eXzDlorE-003
train,Y86eXzDlorE-086
train,YCmnTPwQY5M-080
train,YDi_Takc2Io-016
train,YJcuOI3L47c-020
train,YMsd_av--6w-197
train,YQYo9M9xxSw-027
train,YR7BS6l_95E-015
train,YRT7PntCSYw-034
train,YVNSrGy8lIw-001
train,YVNSrGy8lIw-058
train,YVNSrGy8lIw-062
train,YWwPTlwqBAo-005
train,YZNZmAPBgW0-002
train,Ybxoi6NW_G8-007
train,Ybxoi6NW_G8-037
train,YuIwOOtAu58-003
train,YuIwOOtAu58-020
train,YuIwOOtAu58-021
train,Yxh5sLlOfRE-043
train,Yxh5sLlOfRE-046
train,ZEVKYGrfLZQ-014
train,ZGORceOTG0A-068
train,ZGORceOTG0A-069
train,ZLFPlDNeJ10-004
train,ZOyyinU22uk-047
train,ZTfbd8VUzcE-066
train,ZVyAObQNMys-005
train,ZXjReh20q5Q-418
train,ZaQkh_u71RQ-004
train,ZclWUI2HxuE-062
train,Zigvoi_UhMM-038
train,ZmVnTZ7olx4-026
train,ZmVnTZ7olx4-045
train,ZmxQV3LQTKM-008
train,ZolRmLKfYbA-116
train,ZpfVlA9XS2Y-019
train,ZpfVlA9XS2Y-021
train,Zqu4yvHmSmI-101
train,ZsboUVmjCp0-005
train,Ztvg6qjfhr4-099
train,ZvH8UIb7gRI-000
train,ZvH8UIb7gRI-001
train,ZvH8UIb7gRI-018
train,Zvktf0tBiu8-003
train,ZyzBrdDRKi4-045
train,ZyzBrdDRKi4-084
train,_-4o0zcmo2I-010
train,_-4o0zcmo2I-027
train,_0Kb5WNSfNo-043
train,_0frWTfGMXA-025
train,_9WPh_kx3ms-001
train,_9WPh_kx3ms-066
train,_9bfBIagfB4-015
train,_GFFmblbPho-033
train,_HJXVKhSRmY-014
train,_N5zuJa9vJI-001
train,_R2oSLy6KbU-001
train,_RoeH-S-n0M-034
train,_TDHkhq1qRY-011
train,_ThrNrpYr8Q-010
train,_TsZATqEatM-004
train,_TsZATqEatM-010
train,_U20rvYrtDU-020
train,_U20rvYrtDU-049
train,_U20rvYrtDU-050
train,_U4p4x0Q5aY-020
train,_Un-CI3aDxQ-050
train,_Zt9wk5V21c-054
train,_bDAXd5hytM-089
train,_bDAXd5hytM-126
train,_bDAXd5hytM-140
train,_dOoJwD0jck-109
train,_hs8QMBbIdI-056
train,_kzMKib3IVk-131
train,_kzMKib3IVk-135
train,_ljjwCgFf1Q-109
train,_ljjwCgFf1Q-111
train,_req97_FSyg-075
train,_u9Tv17gk_c-048
train,a0KZ55-OH-0-022
train,a0XToU1ZLdA-004
train,a2RoVy376UE-018
train,a3VmH-0K0Ac-002
train,a3VmH-0K0Ac-007
train,a3VmH-0K0Ac-017
train,a5LZdi72RxQ-017
train,a6FKqTqw9PA-003
train,aBPp63K53_E-083
train,aNE28guzKmk-027
train,aNE28guzKmk-199
train,aOkXqpbOJGI-001
train,aW6klYnQphk-040
train,aZsTVmLdUWc-058
train,af7TZrRs-eQ-001
train,aicXj4zfp6A-154
train,aicXj4zfp6A-172
train,aiu-jYypOqk-1018
train,aiu-jYypOqk-1062
train,aiu-jYypOqk-1143
train,aiu-jYypOqk-175
train,aiu-jYypOqk-182
train,aiu-jYypOqk-413
train,aiu-jYypOqk-484
train,aiu-jYypOqk-517
train,aiu-jYypOqk-801
train,anP6o8J__c8-053
train,apLuS2VNLxA-023
train,apLuS2VNLxA-046
train,apLuS2VNLxA-051
train,asJR_YNv7Fc-012
train,auF75lw69Tc-027
train,auhv4QGyB-U-069
train,b2yAgxFax7Q-005
train,b5NZzSFe19E-000
train,b7FlASvY17I-003
train,b7FlASvY17I-085
train,b7pItY5qQKE-014
train,b8UCLSUSBUo-063
train,b8UCLSUSBUo-130
train,b8UCLSUSBUo-161
train,b8UCLSUSBUo-167
train,bA3PhnWe0gM-100
train,bAk8J_YovfE-011
train,bC0btn2P0Sw-006
train,bO6P4mxad4w-034
train,bZsC1UP5uWw-243
train,bZsC1UP5uWw-253
train,ba4N59LLHuw-216
train,bnKRNLYxhA8-003
train,bp74YDBxp98-108
train,bqVT4SyswVE-025
train,br_IeqF6cdA-016
train,bt6EbW45g78-088
train,bwEmV_OyH3w-000
train,bySOi__Kauk-003
train,c1KAO1PjIrI-003
train,c7CFbNY4d-Q-008
train,c7CFbNY4d-Q-009
train,c7CFbNY4d-Q-049
train,c7CFbNY4d-Q-060
train,c7CFbNY4d-Q-062
train,c7CFbNY4d-Q-065
train,cBCd9AlMYGY-034
train,cF_TSTqIq-k-003
train,cGWgGJPb9S0-001
train,cITaN3czyck-014
train,cPx9v4WZXa0-036
train,cPx9v4WZXa0-037
train,cQYLagU_Vbg-065
train,cSmPeWCZ1b4-033
train,cTKaQaIiIlY-006
train,ceyrBhWAi84-016
train,cfZjpzmMYLU-048
train,cfrSyaoWMl0-002
train,cgk_ypawyO8-049
train,cgk_ypawyO8-076
train,chXH183ozrM-014
train,cjH2uBZtQ4Q-063
train,cjlDfEc7HNg-009
train,cjlDfEc7HNg-012
train,cjlDfEc7HNg-019
train,coGgJgh_WM8-069
train,crfw6Flgwfo-050
train,cwLsswn6f_8-022
train,cxL98evQnWI-015
train,dATJBSktK3w-048
train,dDIrYA9MTx4-057
train,dHTJWuH5pAM-009
train,dHTJWuH5pAM-028
train,dKfG-9_pPM4-031
train,dL3chESLIrI-005
train,dL3chESLIrI-016
train,dL3chESLIrI-022
train,dMEN0N2lJOs-018
train,dMP8_pfulP8-000
train,dMRNqXHpzE8-031
train,dOBaV-PhD-s-049
train,dOMTkit0iXk-000
train,dVWdls7AMz0-064
train,daJKdQj-fIo-001
train,daJKdQj-fIo-071
train,daU2xmasP-w-001
train,dbcynNm4Vsg-003
train,ddiHrN-4k3o-078
train,dgcT77N7rWg-046
train,dicQKsSQZjg-018
train,dicQKsSQZjg-102
train,dpDSpq_VSck-008
train,dpaG7NpkbZA-006
train,dxOHuHqsliY-009
train,dyncF1VNi7E-055
train,dyncF1VNi7E-058
train,e0bxKJXsUyw-003
train,e5I1o1sYuzE-088
train,e6br5aZLDg0-008
train,e8DIW3Oddxk-001
train,eEvhecRxphU-028
train,eGGtq3MwG7Q-004
train,eHgQD5H_yHY-031
train,eHgQD5H_yHY-036
train,eN0F-yTvds4-081
train,eNGkoVwGEWk-037
train,eOmFZD2I68c-009
train,eP3Lh7p225k-144
train,eSZypf_l49M-011
train,e_eJiLylQL4-042
train,eer4Fw_SgZo-021
train,eg3qPOcDSxs-004
train,eiY_VVcfuu0-001
train,eivBB7B6hVA-066
train,epAHuFS3n3s-005
train,eviRVpejhSs-003
train,eviRVpejhSs-037
train,f5Ku8IWyXOA-086
train,f6y1F7Kk9LU-015
train,f6y1F7Kk9LU-016
train,f7QYDBbg_X4-000
train,fAXI7cI16iA-004
train,fAXI7cI16iA-049
train,fDAfyBbiA_c-000
train,fDAfyBbiA_c-002
train,fDAfyBbiA_c-080
train,fHhkhq89edo-020
train,fJV6jkrAaeM-013
train,fJooO2BlyR4-000
train,fKp-LcL_C0g-046
train,fQLaFTniURg-000
train,fQLaFTniURg-106
train,fRFz3XO6aE4-001
train,fSAY6QRd2Sk-047
train,fXr6cG2mDYY-018
train,fXr6cG2mDYY-035
train,fXr6cG2mDYY-040
train,fXr6cG2mDYY-047
train,fblxrnHHYL4-082
train,fdgEfpIfSUE-010
train,fdupGWt4C7o-087
train,feXU2ZMBdrI-1069
train,feXU2ZMBdrI-1084
train,feXU2ZMBdrI-1087
train,feXU2ZMBdrI-112
train,feXU2ZMBdrI-1135
train,feXU2ZMBdrI-1151
train,feXU2ZMBdrI-119
train,feXU2ZMBdrI-1419
train,feXU2ZMBdrI-292
train,feXU2ZMBdrI-384
train,feXU2ZMBdrI-420
train,feXU2ZMBdrI-432
train,feXU2ZMBdrI-452
train,feXU2ZMBdrI-775
train,feXU2ZMBdrI-810
train,feXU2ZMBdrI-906
train,feXU2ZMBdrI-956
train,ffCW8QdJbfI-004
train,fgrGVzVsVx8-002
train,fkykAstHE8U-026
train,fkykAstHE8U-052
train,fpDcvXFowyw-017
train,fqps4pWMTM4-004
train,ftvfvLHyFJ4-116
train,ftvfvLHyFJ4-142
train,ftvfvLHyFJ4-197
train,fwMOnKD1uTw-059
train,fyWOxU3YUq8-000
train,g558skn63ck-025
train,g68oOpkJFaU-055
train,g6dL_64oZ3Y-001
train,g85qC4P1Las-064
train,g9-GKdtOJlQ-065
train,g9-GKdtOJlQ-086
train,gAlZK4088pY-007
train,gAlZK4088pY-008
train,gAlZK4088pY-018
train,gF4Zj4htxus-000
train,gIZXcUTEGvM-019
train,gKMNtUuHhMQ-001
train,gKWW_jO_CO8-094
train,gKkTOHZaX7c-027
train,gKkTOHZaX7c-038
train,gbCXd7vaJGQ-001
train,gdVQKVcjBO8-186
train,ghj1gXDzM70-014
train,ghj1gXDzM70-078
train,gjauzzsnOvI-071
train,gjauzzsnOvI-072
train,gkHmS2fo5ys-008
train,gkHmS2fo5ys-033
train,gkHmS2fo5ys-035
train,gkHmS2fo5ys-042
train,gkHmS2fo5ys-067
train,gkHmS2fo5ys-071
train,gnHTZ9wn33E-002
train,gpMC6-egMmU-023
train,gqaQ8hdmx0E-021
train,gqaQ8hdmx0E-023
train,gqaQ8hdmx0E-027
train,gvwkfR2RK04-006
train,gzxVa21eeNs-009
train,gzxVa21eeNs-073
train,h-DgCfQeB08-028
train,h-DgCfQeB08-032
train,h-DgCfQeB08-033
train,h3eAv9tajfE-008
train,h4wSapwpB4w-009
train,h4wSapwpB4w-053
train,h4wSapwpB4w-074
train,h4wSapwpB4w-079
train,h7nmZ1UqNoA-065
train,h9Tc85rSUVU-050
train,hC-WIfOlVZg-001
train,hC-WIfOlVZg-003
train,hC-WIfOlVZg-083
train,hDx68GECi5U-014
train,hH0xM-Ajf30-001
train,hL_kvMHjvag-061
train,hL_kvMHjvag-063
train,hSlxIhQhbT8-010
train,hT2abCBPcCU-001
train,hVoU7P_QdUQ-035
train,hVoU7P_QdUQ-089
train,hWWHpmr-Z-c-095
train,hWWHpmr-Z-c-100
train,hWWHpmr-Z-c-109
train,hWWHpmr-Z-c-136
train,hWWHpmr-Z-c-140
train,hWWHpmr-Z-c-144
train,hWWHpmr-Z-c-178
train,hWWHpmr-Z-c-197
train,hWWHpmr-Z-c-206
train,hWWHpmr-Z-c-223
train,hWWHpmr-Z-c-231
train,hWWHpmr-Z-c-234
train,hWWHpmr-Z-c-242
train,hWWHpmr-Z-c-248
train,hWWHpmr-Z-c-263
train,hWWHpmr-Z-c-269
train,hWWHpmr-Z-c-270
train,hWWHpmr-Z-c-273
train,hWWHpmr-Z-c-306
train,hWWHpmr-Z-c-452
train,hWWHpmr-Z-c-455
train,hWWHpmr-Z-c-472
train,hWWHpmr-Z-c-478
train,hWWHpmr-Z-c-488
train,hWWHpmr-Z-c-501
train,hWWHpmr-Z-c-504
train,hWWHpmr-Z-c-507
train,hWWHpmr-Z-c-544
train,hWWHpmr-Z-c-550
train,hWWHpmr-Z-c-555
train,hWWHpmr-Z-c-558
train,hWWHpmr-Z-c-569
train,hWWHpmr-Z-c-572
train,hWWHpmr-Z-c-585
train,hWWHpmr-Z-c-607
train,hWWHpmr-Z-c-615
train,hYtDBQRhFm4-130
train,hZEsAz3oVOA-002
train,hZEsAz3oVOA-003
train,herrr5HNaBA-015
train,hfaCpPSOIQc-057
train,hhAoPn6d64Y-000
train,hhnsetw8Wtg-013
train,hi8RtGrEnQk-109
train,hjIhHrMWJVo-048
train,hm70wXKIzGc-007
train,hmHkMMz00KM-012
train,hmHkMMz00KM-045
train,hmHkMMz00KM-073
train,hngFfU521EM-018
train,hoLln9gfUs8-023
train,hoLln9gfUs8-034
train,hoLln9gfUs8-052
train,hpgrcRBoz4M-003
train,hpgrcRBoz4M-077
train,hr4pJ4qW9ao-001
train,hxzR3y9beks-001
train,i5LTtlwd6aM-013
train,i5LTtlwd6aM-014
train,i7Bba2aL968-003
train,iFAYRfXAGjI-153
train,iFrPhhqyJgM-012
train,iJAHeGgNKbo-009
train,iOjnonVaG3A-003
train,iRUQgLcTARM-015
train,iRUQgLcTARM-032
train,iRUQgLcTARM-053
train,iRUQgLcTARM-056
train,iRUQgLcTARM-086
train,iU0TuBc7S10-050
train,iUJ8zwx7JAU-001
train,iUJ8zwx7JAU-106
train,ifXiQ2Gn-SE-003
train,ifXiQ2Gn-SE-071
train,ifbqsyAzi64-019
train,ihB34UZslwk-021
train,io-zYb3k7Dk-005
train,io-zYb3k7Dk-006
train,io-zYb3k7Dk-011
train,io-zYb3k7Dk-028
train,io-zYb3k7Dk-037
train,iuJkZO0Ohl0-000
train,iuJkZO0Ohl0-012
train,iuJkZO0Ohl0-144
train,iuJkZO0Ohl0-153
train,iy0MP4bYx7I-024
train,j-UMmfoxoZA-003
train,j6t06CHagVc-023
train,j8ndf-DFeGs-047
train,jAjn_v1paYc-011
train,jAjn_v1paYc-013
train,jBb9DFScSuY-040
train,jBb9DFScSuY-056
train,jDyuaU5bR2M-073
train,jDyuaU5bR2M-074
train,jEOl4do2loA-021
train,jEpw9On32nI-142
train,jGoDXwgDCNU-000
train,jJvcFFwFaXY-003
train,jJxWCbqmA6s-001
train,jOsquthKPkw-038
train,jPvOkmxsKoA-048
train,jPvOkmxsKoA-069
train,jS2MeU6wveA-013
train,jTKxPENuvRo-017
train,jTKxPENuvRo-024
train,jVywwVURjCM-001
train,jYnaxRXDyVs-007
train,jYnaxRXDyVs-018
train,jYnaxRXDyVs-029
train,jYnaxRXDyVs-042
train,jafgm6k2NYA-001
train,jddebCA2mkU-012
train,jddebCA2mkU-046
train,jfgGgyTWReo-017
train,jiBp6zvFX2g-007
train,jmoXVGvxe34-004
train,jmoXVGvxe34-081
train,jmoXVGvxe34-094
train,jmoXVGvxe34-152
train,jmoXVGvxe34-186
train,jmoXVGvxe34-203
train,jmoXVGvxe34-216
train,jmoXVGvxe34-247
train,jmoXVGvxe34-305
train,jnHy2Dx44vk-092
train,joOOfwig70o-018
train,ju1-PPDSZ3g-004
train,jyf4QqxoMco-014
train,jzUTBq9-P1U-056
train,k9FUIIiTj30-101
train,kAk6J0ixNFs-014
train,kCrbqdAlXC4-001
train,kCrbqdAlXC4-003
train,kCrbqdAlXC4-009
train,kCrbqdAlXC4-010
train,kCrbqdAlXC4-023
train,kCrbqdAlXC4-159
train,kEwQ9hE5en4-241
train,kIF-atRxyGw-017
train,kIi2WxFjI_U-030
train,kJ86ONw7_Ko-075
train,kJOx03HggXk-046
train,kLjfyb8ijKw-072
train,kLjfyb8ijKw-132
train,kPSS0De_nrI-005
train,kPSS0De_nrI-019
train,kQR3ZrumlGE-029
train,kVk4QdDXyx8-012
train,kZDvvPLzKk8-037
train,kZtKkLl9lCo-206
train,k_97Ko0sdcY-034
train,k_Jc-9aoEO0-004
train,k_Jc-9aoEO0-032
train,k_LHeo6sXek-063
train,k_LHeo6sXek-064
train,k_LHeo6sXek-065
train,karpd21lJLA-003
train,keTdDJv-utU-004
train,kexjiNQEcu0-003
train,kfnylEC4ht0-025
train,kfpV2SBTW6s-019
train,khX1X2ateYo-011
train,km4vVwfXjmk-001
train,knPvhAk8DPc-000
train,kve91T8QBdE-005
train,l4ecKXAk2sw-000
train,l6FTtwVHFbE-011
train,l85QMwap1KI-039
train,l85QMwap1KI-044
train,l8JzJ56_aS4-014
train,lBWBX_h9r2c-038
train,lDztN9TbQqY-038
train,lFUWngaOlIc-000
train,lJuryqYymi4-069
train,lNNqVy2B37g-003
train,lNxzfICwyYM-001
train,lO_J4nAh6_E-010
train,lO_J4nAh6_E-018
train,lOkx3ikOZPU-012
train,lOlCKcohO7s-038
train,lSEcWrqvMLo-012
train,lSgUXJ4aNy8-049
train,lSgUXJ4aNy8-073
train,lSq53_sHheU-031
train,lTYY3saxTos-005
train,lUSQmBDU_sc-069
train,lUphjI3iqEY-003
train,lYKDOlSTEw0-019
train,lYKDOlSTEw0-064
train,lYKDOlSTEw0-066
train,lYVuOgKZVTg-062
train,l_Pr8kKQInU-040
train,l_Pr8kKQInU-042
train,ljXUrmczdK0-060
train,lkPMOxM_KDQ-013
train,lqvoj7arHjI-051
train,lqvoj7arHjI-052
train,luSqJNOOx6A-058
train,ly08tI2LWRs-062
train,lyoXdAYddCg-026
train,m3KtIezq0-I-004
train,m4fh5pYX7b4-079
train,m9y_reVkkCk-021
train,mGhdhFFmm-U-001
train,mHrrGSzpvz0-065
train,mIbhXbrdfEw-037
train,mOFWVep6PpM-030
train,mOFWVep6PpM-065
train,mOFWVep6PpM-094
train,mPUu-sp82uw-011
train,mTkHZxyKjPc-332
train,mUq_PsNIi3c-016
train,mW5kWq6qZ9A-012
train,mW5kWq6qZ9A-013
train,mW5kWq6qZ9A-022
train,mW5kWq6qZ9A-036
train,me2DE2M6fYE-002
train,me2DE2M6fYE-015
train,mlWT-0WbcUs-021
train,mlWT-0WbcUs-031
train,mlWT-0WbcUs-087
train,mn-eHfMF8kk-023
train,mr3N2jvvSLc-062
train,n-8LdSZabx4-003
train,n-8LdSZabx4-027
train,n-FPK0l-dyI-024
train,n-FPK0l-dyI-025
train,n0StT9hy9Ns-026
train,n4VmVJo0Hpc-008
train,n88Y_H-IS90-031
train,n8o0aUKmNyM-075
train,nBu6MUAqbOU-017
train,nDTWaek1XIk-003
train,nEiRecggffw-013
train,nGsOD3vDYPk-018
train,nJnr_thzg0c-039
train,nOD3wtwGy50-003
train,nRGWA8RKKU4-016
train,nRGWA8RKKU4-049
train,nSH-618s7gQ-024
train,nSH-618s7gQ-031
train,ncYQYyj88z8-005
train,ncYQYyj88z8-073
train,ndkxCPRzupg-007
train,ni1wKJbKGsk-018
train,njymm9Cu8jA-011
train,njymm9Cu8jA-109
train,nm-gGi3jjj8-065
train,nm-gGi3jjj8-073
train,nn9hiTRE6wY-043
train,notV_U6XVc0-008
train,notV_U6XVc0-029
train,notV_U6XVc0-050
train,notV_U6XVc0-142
train,notV_U6XVc0-242
train,o1KuuPi3VKg-000
train,o44Hp6zr2x0-001
train,o44Hp6zr2x0-069
train,o6weAZXcLT0-003
train,o6weAZXcLT0-014
train,o9iGNDbDSro-020
train,oHbQ-L2nwk8-000
train,oHbQ-L2nwk8-087
train,oNLfUf5nLUs-001
train,oUaGP-pj30A-013
train,oXe5NKUWZBw-022
train,oYTtkJhMp7U-005
train,oZi9f8BOhXc-027
train,oaqBoWWgS4I-007
train,obGTDNDP8nQ-002
train,obGTDNDP8nQ-067
train,obep9f9LhCQ-219
train,ocvJFqLiND8-057
train,ofScyF0CUYY-015
train,oocYh8NQAKQ-003
train,oqV6bWyjpPA-026
train,oqV6bWyjpPA-052
train,oqsiLgMkqIU-002
train,ostJga638q4-004
train,ostJga638q4-008
train,ostJga638q4-014
train,ostJga638q4-026
train,ostJga638q4-036
train,ostJga638q4-039
train,p4mEk6xdFS0-037
train,pDz5nXrr8aQ-005
train,pGJ2QAUFUUU-027
train,pJ8TyVN7HE0-002
train,pJ8TyVN7HE0-082
train,pM5m3R0IwmU-001
train,pM5m3R0IwmU-005
train,pOeF3ReSqoM-001
train,pOeF3ReSqoM-056
train,pPpaocklTjM-026
train,pRa-RvjSRmQ-048
train,pVevQs0fZFc-050
train,pVevQs0fZFc-053
train,pYSYgfhqZi8-004
train,pZ62cl0I1Yo-008
train,pZ62cl0I1Yo-014
train,pZ62cl0I1Yo-018
train,pZ62cl0I1Yo-030
train,pZ62cl0I1Yo-032
train,pZ62cl0I1Yo-053
train,pZ62cl0I1Yo-055
train,pZPZ8k9Q78Y-061
train,pZnZQNDUiLQ-008
train,p_AUb-m7PWc-004
train,p_nWvWKHrDM-003
train,p_nWvWKHrDM-063
train,pcpc3oMNqF4-007
train,pfFDYof6xhM-325
train,pfFDYof6xhM-461
train,pfFDYof6xhM-489
train,pfFDYof6xhM-525
train,pfFDYof6xhM-607
train,pfFDYof6xhM-755
train,pgwDcLVNryE-023
train,pj4ErEaZ-eA-071
train,potcjJoKY3Q-003
train,q3cXN0vp6X0-055
train,q5DtYSZQT_U-032
train,q6nNr04_0U4-011
train,q6vGVX_Y-Nc-021
train,q6vGVX_Y-Nc-052
train,q7thaQKW_gA-028
train,qB-2o3PCjnQ-033
train,qBQ7UMoQD4M-019
train,qEBS1OXXdEY-037
train,qESWjmZxbMU-027
train,qKrOCbvfpOI-034
train,qVxNP9TnBjY-019
train,qX4zASRlTGk-039
train,qZpMHQmqSgM-005
train,qlRzEaajJwU-010
train,qoHkZNxRDRI-000
train,qrwXj-iP-Mk-005
train,qrwXj-iP-Mk-012
train,qyCdbaVBdOw-015
train,r09DUal02eU-016
train,r09DUal02eU-022
train,r1xYSC9chCU-030
train,r1xYSC9chCU-059
train,r7SSotahrV8-057
train,r7SSotahrV8-064
train,r98gHFIKtNE-002
train,r9KbDWkY26c-012
train,r9KbDWkY26c-085
train,rDx3uGbg7hE-000
train,rDx3uGbg7hE-024
train,rDx3uGbg7hE-1019
train,rDx3uGbg7hE-1026
train,rDx3uGbg7hE-109
train,rDx3uGbg7hE-1123
train,rDx3uGbg7hE-139
train,rDx3uGbg7hE-168
train,rDx3uGbg7hE-209
train,rDx3uGbg7hE-234
train,rDx3uGbg7hE-405
train,rDx3uGbg7hE-407
train,rDx3uGbg7hE-426
train,rDx3uGbg7hE-569
train,rDx3uGbg7hE-570
train,rDx3uGbg7hE-578
train,rDx3uGbg7hE-589
train,rDx3uGbg7hE-592
train,rDx3uGbg7hE-604
train,rDx3uGbg7hE-647
train,rDx3uGbg7hE-726
train,rDx3uGbg7hE-731
train,rDx3uGbg7hE-734
train,rDx3uGbg7hE-767
train,rDx3uGbg7hE-769
train,rDx3uGbg7hE-804
train,rDx3uGbg7hE-805
train,rDx3uGbg7hE-833
train,rDx3uGbg7hE-870
train,rDx3uGbg7hE-891
train,rDx3uGbg7hE-893
train,rDx3uGbg7hE-903
train,rDx3uGbg7hE-922
train,rDx3uGbg7hE-990
train,rGHfXdfU2Gs-001
train,rGHfXdfU2Gs-002
train,rGHfXdfU2Gs-149
train,rGHfXdfU2Gs-150
train,rJaRD0ZXAv4-009
train,rKdVSdhwZME-019
train,rOiqSCITEyc-052
train,rQ0odB5lbg4-001
train,rQ1Uq5dYm2o-048
train,rUeZZ7E4L1g-062
train,rUfFiSyW-_k-007
train,rUfFiSyW-_k-045
train,rV0dOrLh0bM-058
train,rVZIcQz-0Oc-072
train,rd1jA4v54js-086
train,rg0aNrsRMVc-022
train,rg0aNrsRMVc-027
train,rg0aNrsRMVc-031
train,rg0aNrsRMVc-034
train,rk7aBQZR4UI-037
train,rmJppLz56to-036
train,rvj5bMxhGck-005
train,ryOvOfIMheE-090
train,rzGo6eQvstY-050
train,s0gYQCCZHQc-007
train,s0gYQCCZHQc-042
train,s74DKXFKxhY-001
train,sA3uMQMSWnk-025
train,sA_zWGDBcPU-039
train,sA_zWGDBcPU-169
train,sBc6EF1yFyQ-011
train,sC2SHadPO7k-030
train,sC2SHadPO7k-050
train,sC2SHadPO7k-059
train,sC2SHadPO7k-065
train,sD0eiPc2P5M-000
train,sD6r67xXXII-116
train,sD6r67xXXII-346
train,sE55sXJjMok-024
train,sE55sXJjMok-037
train,sHKNrjz6rcs-004
train,sIPVWkbNbjo-024
train,sM0tif6QY3s-005
train,sP6B4dlSOoc-002
train,sU3oezTO04I-075
train,sVc8wbrfjWI-005
train,sVc8wbrfjWI-006
train,sXM-G7-239A-104
train,sXa-n4G8xU8-238
train,sYZXDVCjEe8-005
train,sYZXDVCjEe8-009
train,sd_r54bUfQU-003
train,sd_r54bUfQU-061
train,seTDy1qpkmc-070
train,sf97tIvbTyE-075
train,sgmdxupHvxY-077
train,skOScvj1ZeA-002
train,sl5iY7000tk-059
train,slgJFJi8aOc-021
train,snaDXdTJ36Q-047
train,snaDXdTJ36Q-059
train,snfaDkPxfts-002
train,snfaDkPxfts-028
train,sqJcHZ4bYPw-003
train,syDWIvL6-hk-057
train,t1tm-ISkixI-067
train,t2DWKc0laAk-244
train,t2DWKc0laAk-273
train,t2DWKc0laAk-846
train,t2DWKc0laAk-924
train,t62imdy0mnU-041
train,t9E9fmj_Hwo-000
train,tBIVKkBvcco-001
train,tBIVKkBvcco-002
train,tBIVKkBvcco-005
train,tBIVKkBvcco-009
train,tBIVKkBvcco-021
train,tDHrtbG04zw-054
train,tFgafGP0a0M-021
train,tFsx2W0lZHA-085
train,tG0NS_9vTjY-006
train,tGdRqAo9Ido-041
train,tJ3qnZO6WM8-016
train,tJtqVA0Mkrc-043
train,tJtqVA0Mkrc-064
train,tJtqVA0Mkrc-080
train,tLohJDO9wU8-011
train,tP11teFOIjU-024
train,tP11teFOIjU-025
train,tP11teFOIjU-031
train,tT_GMykHtko-000
train,t_Sc-MHG9Cc-157
train,t_Sc-MHG9Cc-168
train,tcW5eNL48RI-527
train,tcW5eNL48RI-556
train,tcW5eNL48RI-575
train,tcW5eNL48RI-580
train,tdcv-uUdka8-069
train,tgIlBLpbaHs-058
train,ti7l9BLTuxU-023
train,ti7l9BLTuxU-086
train,ti7l9BLTuxU-102
train,ti7l9BLTuxU-127
train,ti7l9BLTuxU-143
train,ti7l9BLTuxU-164
train,ti7l9BLTuxU-171
train,tkuw6SBkZlc-006
train,tpazvXGyir0-054
train,tpazvXGyir0-058
train,tyCrk_YnwgQ-011
train,tzIaQJPzSrQ-110
train,u1SBTStcBnE-031
train,u41bC3F-FXE-022
train,u41bC3F-FXE-049
train,u41bC3F-FXE-059
train,u8atdLklTrY-000
train,uB9vrn4d8QQ-110
train,uB9vrn4d8QQ-167
train,uCs7pvg02dE-105
train,uK2lVOyPHBg-017
train,uLKiGROzwxU-011
train,uMYeyplfXw8-083
train,uT5d2SzurGY-054
train,uTjq08gW8Ws-001
train,uXjaW4LKIto-067
train,uXjaW4LKIto-091
train,uY583WM9yJw-086
train,uYYYIN5bDeY-084
train,uaFa351ZlxA-079
train,uaFa351ZlxA-082
train,ub8CeieQxPk-018
train,ufrzQlKlTJE-033
train,ugrzvSkloCA-023
train,uiXnsEXuMVY-068
train,ujqsIlgj9Aw-009
train,ujqsIlgj9Aw-017
train,ukGitZu46yc-018
train,uo72ILpsMWM-017
train,uouualjsGRw-029
train,uqnRxafilis-164
train,uqnRxafilis-199
train,uqnRxafilis-339
train,uqnRxafilis-412
train,usOlT8V9eB4-029
train,uwL5kbz6RRk-017
train,uxowJjx8uTE-007
train,v5HzvLu7eKE-066
train,v8QwwSSaoyM-016
train,vB5FekDm9VA-054
train,vD1yRaESc1U-012
train,vDidlGJ0OjE-022
train,vDidlGJ0OjE-045
train,vKocl_4-reE-017
train,vM8PZ7l5sRk-021
train,vM8PZ7l5sRk-060
train,vM8PZ7l5sRk-072
train,vM8PZ7l5sRk-073
train,vN4ed_81ojQ-000
train,vNuZvTIKuoc-080
train,vOdoFInjH8s-013
train,vPLSV6VDvXw-335
train,vQac1J2ZomM-202
train,vTs4UBTvly8-083
train,vVWIfXv7rDE-009
train,vZpjNlKJPQI-016
train,vf9gFIsoKxc-071
train,vf9gFIsoKxc-074
train,vktX0pZXCS0-001
train,vktX0pZXCS0-076
train,vsvJxBUx3lk-007
train,vtQwohOX8nU-000
train,vvi69Y88kPQ-021
train,vwMtiaoEXuo-082
train,w-E8bLoNMrc-019
train,w0aLdJtaBO0-018
train,w0iJ6Nt4GlE-091
train,w0iJ6Nt4GlE-093
train,w51VtPQ38ug-005
train,w51VtPQ38ug-106
train,w5AM5lDnw4c-111
train,wCXJMMWa2F0-019
train,wDJfWYsOJiE-035
train,wDcAIEsH57E-023
train,wEfV_WzY2Bg-019
train,wEfV_WzY2Bg-023
train,wEfV_WzY2Bg-026
train,wLPrH_GuEME-040
train,wOmZsoRjKCs-003
train,wOmZsoRjKCs-008
train,wPJ_InXF_I8-041
train,wPJ_InXF_I8-049
train,wPeQg9ZHeWk-040
train,wPeQg9ZHeWk-091
train,wPeQg9ZHeWk-109
train,wVHgIDA5AUo-001
train,wVHgIDA5AUo-011
train,wVHgIDA5AUo-024
train,wVHgIDA5AUo-059
train,wWTB4kZDk28-035
train,wWTB4kZDk28-048
train,wWTB4kZDk28-111
train,wWTB4kZDk28-140
train,waSGCh3M0Vs-046
train,wasVkGydYng-008
train,wcPYXhHzIO8-019
train,wdCVjeMlXtw-071
train,wesJHH6NRAQ-032
train,wiK9S83OSZY-054
train,wiK9S83OSZY-062
train,wjZfHnfCmcw-002
train,wjZfHnfCmcw-056
train,wkPf_nRZcTE-013
train,wm5nc-zBdUE-029
train,wuOgY0uEHak-009
train,wvDUeNjgPHs-056
train,x17RSYKBH50-019
train,x17RSYKBH50-028
train,x17RSYKBH50-030
train,x17RSYKBH50-051
train,x24SXR5yj94-021
train,x24SXR5yj94-022
train,x24SXR5yj94-026
train,x24SXR5yj94-029
train,x24SXR5yj94-040
train,x24SXR5yj94-056
train,x24SXR5yj94-060
train,x24SXR5yj94-067
train,x24SXR5yj94-077
train,x7ieo_bLOt8-066
train,x7ieo_bLOt8-067
train,xADNh5Mu_7g-084
train,xHq-TBEeblU-012
train,xHq-TBEeblU-043
train,xKZMWuGk994-002
train,xMLDgqH3qu0-000
train,xPdsUzXLt34-036
train,xR6zEytcUdE-001
train,xR6zEytcUdE-020
train,xRUor6J4qp0-001
train,xRpL1sro6UU-008
train,xYMLDF2l080-061
train,xZIfn4aIJ6o-002
train,xZRrQPk48FU-020
train,xbh9UNoB_50-001
train,xdtfXhAIYWA-010
train,xhuv8SsQHXk-024
train,xjBKr39L_BQ-019
train,xjBKr39L_BQ-023
train,xqsL1lUpkDs-000
train,xqu71j74tn4-038
train,xvrNaX156wk-002
train,xyDLVLUE3E8-061
train,xyX0ymKwDYI-001
train,xyX0ymKwDYI-017
train,xyX0ymKwDYI-032
train,y1Z9drIJpDU-116
train,y2ie8RL3tw8-018
train,y3-Zbi2qczE-064
train,y57lszB5Ptk-003
train,yAy7N9MqKc4-021
train,yAy7N9MqKc4-047
train,yAy7N9MqKc4-053
train,yAy7N9MqKc4-055
train,yD5yHeKzzr0-008
train,yJ3RLMCaL6E-002
train,yLfw4Ickjcg-001
train,yNQpyTloYJg-070
train,yR9uhyEsrUU-014
train,yYmzIXexRNc-000
train,y_EBUtTmpZg-022
train,y_sYQK0SE6A-083
train,yj-rfJ-PhYw-297
train,yk1bp8AM0HE-053
train,yrrKPqOXszw-037
train,yxQMzFTcazg-000
train,yxagowRBBvU-076
train,yyXX3naOlks-000
train,z-RVsyJkhEg-063
train,z-RVsyJkhEg-074
train,z0q3zRlIp-8-002
train,z0q3zRlIp-8-003
train,z0q3zRlIp-8-019
train,z3FNxOl5dOk-000
train,z8fD-wOr4wg-019
train,zBKr6BoKz_g-054
train,zBKr6BoKz_g-057
train,zF5A9Y_1CDs-011
train,zIePP-qbmSQ-065
train,zKHniJMNiQg-048
train,zKrpkBY23eg-052
train,zLrTP3whdb0-084
train,zNiwbE1lC5Y-019
train,zZS3HYD-eGY-005
train,zcAdSWQVqh8-079
train,zcAdSWQVqh8-080
train,zfmkSZqbytg-063
train,zfumcO72yTs-002
train,zkCpqCxFwCU-019
train,zl5Q-PahKrQ-071
train,zmzA8DqVbCU-003
train,zoujMUHrQqw-027
train,zsJ-F8NWWpY-002
train,zu8B_wAdJ9A-046
train,zu8B_wAdJ9A-059
train,zvwULEttdRM-052
train,zxynwy_bQb8-006
train,zypp7v04K9c-030
